{
  "title": "Dúvidas frequentes",
  "meta_title": "Dúvidas frequentes",
  "meta_description": "Dúvidas frequentes",
  "body": "<!--StartFragment-->\n\nCOMO COMPRAR?\n\nÉ muito fácil comprar seus produtos na Magazine Lara.\n\nEscolha seus produtos, clique em adicionar ao carrinho ou no botão comprar, ele será adicionado ao seu carrinho.\n\nApós escolher todos os produtos que desejar. Clique no carrinho em Finalizar Compra\n\nDefina o frete de envio\n\nConfirme seus dados para envio, confira se todos os dados estão corretos, caso falte alguma numeração ou dado para envio, o retorno e reenvio será cobrado do cliente, não nos responsabilizamos por informações incorretas ou dados faltantes.\n\nEscolha a forma de pagamento e finalize a compra.\n\nPronto, seu pedido será embalado para postagem.\n\nQUAL É A FORMA E O PRAZO DE ENTREGA?\n\nO prazo de entrega depende do CEP de destino e será informado na página de finalização do pedido, a entrega será realizada pelos CORREIOS ou Transportadora. Você poderá escolher entre os serviços PAC, SEDEX , Transportadora como método de envio na página de finalização do pedido.\n\nQUAIS SÃO AS FORMAS DE PAGAMENTO?\n\nVocê pode pagar seus pedidos com cartão de crédito , boleto bancário ou depósito bancário/ PIX (neste caso você será instruído no próprio site e por e-mail sobre a conta e como proceder com o pagamento)\n\nCOMO ACOMPANHAR O ANDAMENTO DO PEDIDO?\n\n[Acompanhe aqui.](https://www.magazinelara.com.br/app/#/account/orders)\n\nTROCAS E DEVOLUÇÕES\n\nTodas as ocorrências que envolvam troca ou devolução devem ser comunicadas por email com o assunto TROCA ou DEVOLUÇÃO e com os dados da compra no campo MENSAGEM.\n\nO contato deve ser enviado em até 48 horas após o recebimento dos produtos, trocas ou devoluções não comunicadas ou comunicadas após o prazo não serão efetuadas.\n\nA devolução deve ser feita com a mesma embalagem e cuidados que o produto foi enviado. Se o produto for devolvido sem os cuidados necessários e chegar avariado, a troca ou devolução não será efetuada.\n\nIMPORTANTE: Recuse o recebimento dos produtos em caso de embalagem avariada ou produto em desacordo com o pedido.\n\nSe ainda assim você receber o produto, entre em contato conosco em até 48 horas.\n\nAinda tem dúvidas? Entre em contato conosco, será um prazer atendê-lo.\n\nContatos\n\n* 11 94399-3274\n  magazinelara@gmail.com.br\n\n<!--EndFragment-->",
  "sections": [
    {
      "type": "breadcrumbs",
      "enabled": true
    },
    {
      "type": "page-title"
    },
    {
      "type": "extra-page",
      "enabled": true
    },
    {
      "type": "dynamic-showcase",
      "load_more": true,
      "sort": "news"
    },
    {
      "type": "info-bar",
      "enabled": true
    }
  ]
}