{
  "sections": [
    {
      "type": "breadcrumbs",
      "enabled": true
    },
    {
      "type": "page-title"
    },
    {
      "type": "document-banner",
      "enabled": true
    },
    {
      "type": "document-description",
      "enabled": true
    },
    {
      "type": "custom-content",
      "markdown": "## Veja também:"
    },
    {
      "type": "dynamic-showcase",
      "load_more": true,
      "sort": "offers"
    },
    {
      "type": "collection-retail",
      "enabled": true,
      "sort": "sales"
    },
    {
      "type": "info-bar",
      "enabled": true
    }
  ]
}