{
  "meta_title": "",
  "meta_description": "",
  "sections": [
    {
      "type": "banner-slider",
      "autoplay": 9000,
      "full_width": true,
      "slides": [
        {
          "start": "2022-05-02T14:11:54.322Z",
          "end": "",
          "img": "/img/uploads/todo-site.jpeg",
          "mobile_img": "/img/uploads/mobile.jpeg",
          "link": "https://www.magazinelara.com.br/especial-dia-das-maes",
          "alt": "Especial Dia das Mães"
        },
        {
          "start": "2022-03-26T05:00:58.282Z",
          "end": "",
          "img": "/img/uploads/calcados-femininos-magazine-lara.jpg",
          "mobile_img": "/img/uploads/calcados-femininos-magazine-lara1.jpg",
          "link": "https://www.magazinelara.com.br/calcados-femininos"
        },
        {
          "start": "2022-03-26T04:57:41.611Z",
          "end": "",
          "img": "/img/uploads/magazine-lara-moda-feminina-compre-online.jpg",
          "mobile_img": "/img/uploads/magazine-lara-moda-feminina-compre-online-mobile.jpg",
          "link": "https://www.magazinelara.com.br/moda-feminina"
        },
        {
          "start": "2022-03-26T04:58:23.632Z",
          "end": "",
          "img": "/img/uploads/calca-jeans-magazine-lara-do-seu-jeito.jpg",
          "mobile_img": "/img/uploads/calca-jeans-magazine-lara-do-seu-jeito-mobile.jpg",
          "link": "https://www.magazinelara.com.br/calca-jeans"
        }
      ]
    },
    {
      "type": "collection-shelf",
      "shuffle": false,
      "limit": 12,
      "page": 1,
      "collection_id": "626fce713da6d37bc21991ab:collections:ESPECIAL DIA DAS MÃES:/especial-dia-das-maes",
      "sort": "news",
      "link": "https://www.magazinelara.com.br/especial-dia-das-maes"
    },
    {
      "type": "collection-shelf",
      "shuffle": false,
      "limit": 12,
      "page": 1,
      "collection_id": "6239bcd32e405e04fff14668:categories:Sapatilha:/calcados-femininos-sapatilha",
      "sort": "news",
      "title": "As sapatilhas são as queridinhas , para o trabalho, dia a dia, festas e balada. ",
      "link": "https://www.magazinelara.com.br/calcados-femininos-sapatilha"
    },
    {
      "type": "collection-shelf",
      "shuffle": false,
      "limit": 12,
      "page": 1,
      "collection_id": "6239ae562e405e04fff129be:categories:Scarpin:/calcados-femininos-scarpin",
      "sort": "news",
      "title": "Scarpin : Clássicos e Elegantes , vem conferir",
      "link": "https://www.magazinelara.com.br/calcados-femininos-scarpin"
    },
    {
      "type": "collection-shelf",
      "shuffle": false,
      "limit": 12,
      "page": 1,
      "collection_id": "623cefd92e405e04fff9f4df:categories:Sandálias:/sandalias",
      "sort": "news",
      "title": "Confira nossa Seção de Calçados Femininos, leve com você as tendências de 2022 e peças chaves para seu guarda roupa.",
      "link": "https://www.magazinelara.com.br/calcados-femininos"
    },
    {
      "type": "banners-grid",
      "banners": [
        {
          "img": "/img/uploads/blusinhas-magazine-lara-mobile.jpg",
          "link": "https://www.magazinelara.com.br/blusas-femininas"
        },
        {
          "img": "/img/uploads/camisetas-cores-magazine-lara1.jpg",
          "link": "https://www.magazinelara.com.br/fitness"
        }
      ]
    },
    {
      "type": "page-title",
      "title": "Confira as Novidades da Magazine Lara ",
      "description": ""
    },
    {
      "type": "dynamic-showcase",
      "load_more": false,
      "sort": "news"
    },
    {
      "type": "info-bar",
      "enabled": true
    }
  ]
}